Employee ID,Skill Gap,Time Gap,Will Gap
1,5.0,1.0,4.845204031039784
2,1.447306899236962,2.734194425616813,1.6859017115562671
3,1.0,4.021267753824066,3.5047998248173706
4,1.635516873560754,3.672099852649862,4.009113692488879
5,2.018399626633065,1.0,4.0555186667025955
6,1.0,1.0,4.324938479817398
7,5.0,1.0,4.004576967892801
8,1.0,2.7051828333951606,4.416468348666056
9,4.752765859951164,4.288551842008257,5.0
10,1.0,2.6671958545472685,5.0
11,4.883164468559126,1.0,3.648301734807747
12,5.0,4.129354942628939,4.355336130302315
13,1.0,4.47598311939245,5.0
14,4.670768260003337,1.0,3.6702330324383308
15,1.767209895486074,2.6186557031962523,3.689763558146011
16,5.0,1.070387325367531,4.426500619044221
17,4.647453917426135,4.406354211095646,3.532215360450373
18,2.111655675646014,4.284061779828479,3.962534943295706
19,1.0657473065511458,3.122515868412716,1.8134752899341016
20,2.2147023163822577,2.8150564966075993,4.165077439998428
21,1.4377046153793676,4.04188017327622,4.339629387568992
22,1.4122545611011557,1.0,3.8603781215565696
23,1.4460756180688312,1.1789454242806698,3.926902087322837
24,1.744715597023701,4.225096018897651,5.0
25,4.631565306639355,1.465031622909919,4.2839165096792025
26,1.0,1.0,4.397204130931791
27,1.3950851727663145,3.5184564190430225,3.93876222065163
28,5.0,4.045608464427151,3.7340762039841153
29,1.3593249510704761,1.2067905043968143,3.9118634653864515
30,1.0,1.290407475882988,4.2160919178315135
31,1.4474279980597933,1.0,3.6094304048359795
32,4.923358027350786,1.0,3.7704691056165087
33,4.509310290762354,1.0125909252672964,3.5466359004615904
34,1.9423937407481935,3.8306008099700017,3.9323477383381316
35,4.546069169675468,1.360511486587445,4.327445735979613
36,2.0438779211611173,1.0,3.524663688298011
37,4.838554027437051,1.299578644102003,4.175323526807166
38,4.973434933594048,4.080619760482354,4.43249587451374
39,5.0,1.273090141617112,3.736927861511182
40,1.3688010958178203,1.0,4.193634840727648
41,1.1619015764719287,1.3314166219303112,4.4751019011002
42,1.9340488684781807,2.774572315551022,4.462278060152463
43,5.0,3.0460988080032907,3.734929193029143
44,2.4055821375731323,1.0,3.6003310532120687
45,4.6197599664321976,1.0,3.648282537895916
46,5.0,1.0,5.0
47,1.0,2.7667034306372145,5.0
48,4.547061197876947,3.4669850180280375,4.174236561628199
49,5.0,1.0,1.836078387742238
50,5.0,1.2873258374573953,1.6697769397581221
51,4.662902654477394,1.484164959483215,4.080761091952253
52,5.0,1.0,3.9836804457578667
53,1.3533957335369418,3.199027414042095,4.228834147122304
54,5.0,1.0,4.941360078685621
55,1.0,1.0,3.8386396946864685
56,5.0,1.0,3.7934785773590143
57,4.820662754736432,4.435217810170875,3.7114703200497465
58,2.0523380134555027,3.511765094366998,3.7657463761866614
59,4.550507470832282,1.0878856919297817,4.5948304388441015
60,1.5438810883687437,1.0013964785953244,4.84685701092889
61,2.220373212732203,1.3733841643710476,4.536569812362958
62,1.944479977977791,1.0,3.686413847166327
63,4.756292375369218,1.1815260298866503,4.246770444619429
64,4.69041349602491,3.1801096984332773,3.8254689886766227
65,5.0,3.1690800168622832,4.1682370169773435
66,1.0,4.442334494935037,4.2168841755972775
67,5.0,1.3230875290068804,4.081185342732113
68,4.579249606129929,3.541972726243506,4.458697741365398
69,1.0,3.971082850704513,3.5214398666231133
70,1.0,1.0,2.238652650588142
71,1.0,1.0,2.458786643940408
72,4.854995115813942,1.0,2.362271729352939
73,4.820712164984294,1.0,1.6678926918050134
74,5.0,1.0,3.826820306251732
75,1.1415796812433943,3.4792618656086427,3.6724518398764654
76,4.523432955367388,1.0,4.101308363814704
77,1.0,4.42223086983873,5.0
78,2.37500869974397,1.0,3.8170737693630583
79,4.801456186410668,4.123742245499541,4.039506573984296
80,1.0,1.3301829666176939,4.190920570071195
81,5.0,3.8604630291492557,4.921339816611049
82,1.1060138319360813,1.0,4.3540155304554595
83,5.0,1.0,4.271549935287817
84,1.553576559607408,3.8747310225357596,3.5646655438505706
85,1.6404990097955174,1.425529321646895,4.121125299090829
86,1.1225493962131137,3.3289298911930123,3.7353255509597494
87,1.0,2.6089999898629763,4.057518264667276
88,5.0,1.0,5.0
89,1.0448816860293935,1.0,5.0
90,4.78350719027094,3.598657376732809,3.9045164031151316
91,5.0,1.1190930952711198,3.7915138583443535
92,1.3424641068355752,2.643691607261734,3.7344057444082592
93,1.2223735076327986,4.022373263966801,5.0
94,4.577993866409409,1.0,1.6142484532580563
95,4.6061300193090196,1.0,5.0
96,4.992781345864955,4.1771907236726555,3.501333639490792
97,1.6607133491909858,1.0,3.823849630745845
98,5.0,1.4782694859989882,4.719934313830581
99,1.0,1.3741037960662108,4.471218789960782
100,4.987467835463974,2.8590707790431513,4.227242319569979
101,4.864121056841506,1.0,3.8496533804622377
102,1.1393864214540979,1.3456263001150188,3.5928450865306205
103,1.0,4.411234310314671,4.016800594690624
104,1.0,1.320627393419037,3.7134478813260423
105,1.0,1.0,4.036429545898358
106,5.0,4.497915134412287,5.0
107,1.540585712134695,2.758584221552774,5.0
108,1.4137274940064593,4.22420491280837,4.133788419545002
109,2.3329941385530004,1.4080348763357216,4.041030289062811
110,4.7975707164408155,3.7356871143307093,2.4272656326314093
111,5.0,1.408258554677066,2.4319026844206033
112,1.5312135603387476,1.0,4.012723201073552
113,1.4668655502933936,1.476413222384056,4.805759487143504
114,5.0,1.0,4.959587005879444
115,4.803281026065445,4.453435824757835,3.6865579121956156
116,1.0,1.0,4.136344315318089
117,1.0,3.209272011669813,4.0000923357822336
118,1.4893495140420392,4.032111133837004,3.60330047781328
119,1.0,2.9778770771227308,3.697647781119615
120,2.154907123147859,1.0,3.979631956199527
121,4.942735927706458,3.205595789776492,4.387588990718858
122,2.448916218188715,1.0,4.066390720631097
123,4.745999740306795,1.0528417959847682,5.0
124,2.032086823938011,3.753245363040251,3.83902854974391
125,4.982356208582753,1.455621379781356,4.071411393044234
126,5.0,1.0,3.9473798226380676
127,1.0,3.6997282801112368,5.0
128,1.693789130023355,1.0,3.5505755660790106
129,4.71456482009285,2.9140678257678165,3.9933002162389593
130,1.2381507548416897,1.0,4.795992625143967
131,1.68913869632674,1.0,3.826185061277909
132,2.073491763890977,1.372465523258539,2.4609174315580615
133,4.7152438205009535,1.2120634214091708,3.6826948127113828
134,2.3616249500839785,1.079961980535111,4.811245252578597
135,5.0,3.5890031779826796,4.009892575730872
136,2.0184929749422404,3.1939921083892755,5.0
137,4.852308884209179,3.6664142843109397,3.9166700832063706
138,1.734057775017499,1.286367385961698,4.243865280888171
139,4.549781001523044,2.750056758510153,4.356374098214802
140,1.7685000761974954,2.917048728320901,3.810016355821849
141,5.0,3.850470202317928,1.89275018353871
142,5.0,1.3588139146748568,3.856556223688356
143,2.4440412782809275,2.626544458713408,2.332855808617921
144,1.0,4.065644882384788,3.544346861953601
145,1.1938633423283944,1.0,4.8084210888286805
146,1.0,4.204795836132186,4.17940855759513
147,5.0,1.4050781277944813,5.0
148,1.0,3.9346076538672534,1.9362893592936943
149,1.0,3.9880922602649758,5.0
150,4.970784997012707,3.427422836482762,4.697584585828318
151,2.206642521748934,1.0209913886493571,3.9307166216080103
152,2.440639999186114,1.0,5.0
153,1.0,4.078329102704304,4.4011891219546015
154,4.5422004685812984,1.189229736362952,4.760835162803977
155,4.99629512550064,1.0,5.0
156,5.0,3.3211105277415163,4.144241400825982
157,1.6684405511319151,1.0,3.520340831067601
158,5.0,1.0,4.224631336899393
159,1.4849291084414915,1.286182669198213,3.535551877549055
160,1.445774717008461,1.0,4.4973811268138135
161,1.0,2.600367495095054,4.372636687691198
162,2.3753632399007607,3.1337790395432505,3.7973437475400456
163,2.2044936364116845,3.380131353433642,4.7574112301967055
164,1.9538465638069116,4.387753509413987,1.881441082105609
165,1.040610994324729,4.457663474808973,4.8561669653144435
166,2.349600174982458,3.367705459766688,4.872337818385381
167,4.980134939638373,1.0,3.8182765461194803
168,1.8732073691051268,2.8802411664133905,4.121133406848331
169,4.993247493025986,1.318542579905503,1.6642636637206238
170,1.0791298040350492,2.866253005998474,2.3459812924460133
171,4.689077653778349,3.1015485063797064,4.312402484031315
172,2.4009077302669906,1.106316947374532,3.9764832078552703
173,1.1741869488296137,3.865025304038823,5.0
174,1.1332689173374888,1.4044739272812876,3.7471450700302933
175,4.599496226180638,3.0032283453861175,3.517565455703967
176,5.0,1.0,4.119207925029823
177,1.6209606622384922,4.497513745661896,4.957909406964715
178,1.0,1.0,5.0
179,5.0,1.0,5.0
180,4.902785534046495,1.013069422863438,4.469925573565943
181,2.0888102701562232,1.31401673551993,4.134453139755603
182,1.5892221680572387,1.2768603268982814,5.0
183,1.0,3.288581765108471,3.5838084334871643
184,4.674786715045158,1.2080237839979118,3.6607155848915056
185,2.4871000859241166,1.0,4.233204804952977
186,5.0,1.3620840858402314,1.931365456388002
187,2.1874368609408674,4.393443465376265,3.9459652704044057
188,1.8254182806826078,2.694152696618549,3.8086076816354364
189,1.5947389147793443,3.630455636551394,4.107356383477744
190,5.0,3.475604968589112,3.685165045416203
191,4.786259035383183,1.368323963650368,4.126916279313896
192,1.9238081851735742,1.3932361472099468,3.67379885713524
193,5.0,1.3863763846243953,3.5638260347097135
194,1.5246972976861113,4.041686824033729,1.8303576886990611
195,2.310259130517287,4.1464017366657995,3.731140342009848
196,1.0365781900286204,1.0453628521336418,4.388991638556332
197,1.7782171870688221,1.0,3.5549534538686265
198,1.0,1.2455030853527727,3.676613692574123
199,4.662498415474442,1.0053320333358804,2.0487196055830497
200,2.395033858853437,3.14770907479023,4.981067190847473
201,5.0,1.0026398049755354,3.5458520183747018
202,1.7499017216368897,3.991811322322456,3.5072524280151445
203,4.56560076494503,1.0,2.48806794196115
204,2.1906153123866363,3.7787137151411487,5.0
205,1.0724077259677651,3.658852691943956,3.865406130901557
206,1.9045195244582351,3.6956662956253425,3.970432247663241
207,1.0,3.472977380420305,3.766550120454287
208,4.716814275929108,2.6531134457721985,3.8448737836932096
209,2.1696112565375176,2.7692704243052075,4.149044467268214
210,5.0,3.090589657738585,4.382811798867371
211,1.0,3.110178576236642,3.6841300230811846
212,1.0971166200155034,3.653974129743829,2.3403615053853186
213,1.9241850557459763,4.293717425785212,4.621556629518269
214,4.946688721744665,4.285202867912825,3.714992223588391
215,4.754147280127814,3.737317704203891,3.537175288049646
216,2.325134875661419,1.0,4.640811862092999
217,1.9852556041472411,1.437987865459497,5.0
218,1.043405852198264,1.325671445979478,4.959438746618378
219,4.804760912797326,3.197797033062524,4.577665861778353
220,4.68180846566695,3.5822332215106005,5.0
221,1.0,1.0,4.37899230775865
222,2.214119140924916,3.0593018720768272,5.0
223,1.0,2.687411287983777,5.0
224,5.0,1.0,3.720129420835764
225,1.0,3.10102587748869,2.3363692930100863
226,4.915774800989651,3.827376680115399,5.0
227,1.0,1.2809448189504873,4.3697592495676885
228,4.867708508127543,3.3404495816388056,5.0
229,4.60061997722259,2.8236094694340705,1.846495063176825
230,4.809631810002846,1.338657154492457,2.2743985370172557
231,5.0,1.0,3.7624563029848903
232,5.0,4.337729098622656,3.8285921630280546
233,1.0,1.0,3.6079057172229763
234,1.960102626557688,1.0,4.435076615980469
235,1.0,1.1417754044410113,1.7910033634002815
236,4.710372081529836,2.971937365755294,4.020622465171452
237,1.5230470884066074,3.407890600412833,3.8913328364661925
238,5.0,2.863189196090849,4.459928120583502
239,4.710706665074906,1.0,3.8350491709384826
240,1.0,4.000734906144198,4.278545821422689
241,1.0,1.0,2.35541615463118
242,1.0,1.0,3.9356064974809657
243,2.1392628831813627,1.1937412986983285,1.8781718144529314
244,1.0,1.2595618339139083,4.247745820932628
245,1.0,4.352983969030136,4.412895980306234
246,5.0,4.472856604710342,5.0
247,4.8396606204814425,1.0,4.727126365591865
248,2.207947826701189,4.216093482489962,5.0
249,2.057424744670142,3.8942582354957453,3.887581667436833
250,1.0,4.177081971951108,4.076229411777934
251,5.0,1.0,4.331435619292711
252,4.61627368029288,3.4937731027679315,3.688394767400492
253,1.0364103830800304,1.22890213579075,5.0
254,1.0,4.452491300434325,4.096162797910678
255,4.76787358281744,1.3349695494811857,2.3933416418276083
256,5.0,3.402901011163371,3.671970401843543
257,1.3713335923402825,1.3144191972146748,4.920682237040928
258,5.0,1.0,5.0
259,2.1077627687434246,2.7517884533468844,3.51923170345676
260,1.9047058743291703,3.870320175450522,4.6122013667656425
261,4.725207100216202,2.5202362326399506,4.490565212756735
262,4.7570960893951115,4.023993167464667,4.780394178590351
263,1.9794549781497657,1.0050578002704087,5.0
264,4.86727770128071,3.025250464830488,4.682531551008674
265,2.413814522624944,1.4740312249720637,3.8610944430073357
266,4.8682954676557095,1.4114540034548393,4.25286944450357
267,1.8734445911454354,2.661712778330108,4.157778407238179
268,4.883534512433977,2.8688825215558893,4.081122399929056
269,5.0,2.923956179463262,5.0
270,1.1507883208469019,3.8605329178516476,4.34344044366474
271,5.0,3.298495963603913,3.7349485628333925
272,4.834143022383862,1.024037669867587,3.9424709269935185
273,5.0,1.0720998169716252,1.6554522921564572
274,1.0,3.3530135589879255,4.095941595730705
275,5.0,1.3059281534153586,3.75054442427132
276,5.0,1.0,3.833842064343386
277,1.0,1.2139145840836343,3.971250716623528
278,4.997167280717686,2.9354361289020354,4.526770585703128
279,1.1674155305338312,1.0,3.5919379359208374
280,1.0,3.5500188209021863,5.0
281,2.3715518564582476,2.987249560345451,3.928969980717507
282,1.9467395253113928,1.0,4.364790221999895
283,4.842966519700078,3.751513039676401,4.194672003644199
284,1.0,3.1946717295969576,1.5081009416473226
285,4.939465374358442,3.269485387315587,4.116712330767135
286,1.0,2.7447895190294247,3.5937248660597163
287,1.0,1.0,4.280933179790495
288,1.1786600938268972,3.348752700565235,4.491507688278502
289,1.9208965287592261,1.0,4.0311987942415115
290,5.0,4.437112493921472,4.182779500194131
291,5.0,4.127619873982706,3.7373141608947513
292,5.0,2.8218466352013203,4.937597743753794
293,1.0,1.0,4.356095332236384
294,1.8972912929459058,1.0,3.6674229477462514
295,1.8368477014471527,1.0,4.765535605613762
296,2.069482388136592,1.0,1.9454336752860302
297,1.3611135200614255,1.1121662207231457,5.0
298,4.578338217762006,2.6665455885938014,1.8758839547956738
299,1.5725747980447107,1.0286298375366192,5.0
300,5.0,4.090116422344471,3.5944570512687193
301,1.7128500860383573,1.0,4.870804197544848
302,1.1687532544498138,3.535064949018719,4.208954123428422
303,5.0,3.537253880614196,3.7259867656614922
304,1.3328935948872296,2.5263473321939176,2.156413134229673
305,4.625088909836403,4.239124667136546,3.664216958227346
306,4.629782965722612,1.0,3.555980284861686
307,1.0568183602783074,3.2963001859676635,3.6210157167486487
308,5.0,1.0,5.0
309,1.9149977583707543,1.0,4.051750882939551
310,1.0,3.0128826025095736,5.0
311,5.0,1.213031456375104,3.8326545009050514
312,1.4304486005450312,2.773502865829707,5.0
313,5.0,1.0,4.994952133704992
314,5.0,1.0560573351914615,4.445737959402294
315,4.522568583202377,1.0,5.0
316,1.6128581447127623,1.0,5.0
317,2.109467763366622,1.1469467083373055,3.5463532694342796
318,5.0,1.0,4.049669669003691
319,1.0,1.1202788171008429,1.966991453901815
320,1.7392110880342186,4.0442000021136275,5.0
321,2.2869757993812008,1.2397963719360992,3.7573419881895322
322,1.0,3.20593661771162,1.7698334532910942
323,1.8693826475825852,1.0341898918086192,3.9113462488815003
324,5.0,4.178903020859707,3.743369713406376
325,5.0,1.3735596022726129,4.629183917808749
326,1.228615156792777,1.0,5.0
327,1.0,2.9127630727487936,4.058276524403916
328,1.1126843446746073,1.26424562085238,2.361362718956567
329,5.0,3.082553837041994,4.331134765403696
330,1.0476161006537472,1.0,3.782042354789671
331,5.0,4.392112015691081,4.047737444324274
332,1.0,1.0,3.5832177027400705
333,4.584648753584629,1.248396356209743,4.415251884030758
334,1.6192716720397433,4.258794142704313,3.904262715065153
335,4.724582382653901,1.4531110852819304,3.8936761838890215
336,1.0001979355227852,3.5541344084023208,3.802755370617953
337,5.0,1.096856860784491,4.960663744710704
338,1.201293342088384,3.927840570627053,3.751759386545448
339,5.0,1.0,3.8748522727968044
340,4.850975623926091,3.590318560299073,5.0
341,1.0,4.0626541196713095,4.3342555035851715
342,4.893681885990613,1.0,3.8041824776285162
343,1.6918731844045016,1.0,3.9690144305527877
344,1.0,1.1124895070970835,4.373819776280052
345,2.090916092827227,4.237953120252938,4.5526733318296975
346,1.4892166834205862,1.2672783010536484,4.389144961995785
347,4.6668297049502625,1.4053731882624274,3.719184345652332
348,4.546684819899274,1.0,2.1785392442143756
349,1.2795316818239328,1.453072768622137,4.0825516963846
350,1.7525860066847243,3.3654294050826863,5.0
351,5.0,3.796501571023939,5.0
352,5.0,2.6592830373494585,3.6015721436446615
353,2.4456735370508045,3.9353893961280133,3.847028025325636
354,4.908927235756672,2.901898707955967,4.0382527463447655
355,2.1619698394506344,1.0757193053312042,4.3112888539460394
356,1.9648547808132708,1.083386232327748,3.7164430834116713
357,5.0,3.249986984379975,4.302929841374276
358,1.9495989060077372,4.00988994820561,3.899638482493936
359,1.6886322464240748,3.6048226409407658,4.688913856433695
360,2.007897416003381,1.358291335553106,4.258986440443483
361,5.0,1.0,3.5908989014745476
362,5.0,1.471297460306592,4.014767374075443
363,2.235520705793581,3.6178601086797704,4.563875783861889
364,2.163791623941444,4.458251172232504,3.8564178551577877
365,1.6133870955525724,3.591011806882517,4.1010767990063925
366,2.220616290663715,1.0,4.056115541487213
367,1.0003051563545147,2.5465799420865416,4.904655417904666
368,5.0,1.205113146638995,3.929047993972116
369,2.4198709341305427,1.3502987365717918,3.7267695533507665
370,1.5551565906017855,2.9340710818159805,4.955882588424103
371,1.3206415603544788,1.4285220750424297,5.0
372,1.0,1.0902990717555996,4.35045291778379
373,4.8671696256950225,4.130007135446523,3.645232869076344
374,2.042299975621079,4.34541920170077,3.529780787320921
375,1.0,1.0,4.433524312716631
376,2.2463138125690767,2.854265721327626,5.0
377,1.5083547041721386,1.4059519191946444,4.0378378231493075
378,1.0,4.400963496038764,5.0
379,2.0807968298534756,4.4764827762008705,3.8146889738713265
380,2.2143875620372926,4.401838316441671,3.981907568836002
381,2.416643102693916,3.627372036033361,2.4686629131467375
382,2.2054966519346237,1.3237242861369873,4.172148686932407
383,2.171779270254866,1.0,3.653745031995786
384,4.894341146350664,1.4908013559459379,3.633226747984353
385,1.5012844255268014,1.0,1.7042647583330055
386,1.0,4.053836082502221,4.266711674420717
387,1.0345545447560391,1.0297749152567985,1.795377003840616
388,2.1751298858444197,1.0,3.52138884667508
389,4.917448283896462,1.0,4.444174363505661
390,1.23067901152839,4.395651230401919,3.6697134163949108
391,5.0,1.302675812526287,3.5095581861480687
392,1.0,2.6395267805596694,3.737131602383323
393,1.6920162509679488,1.2767682713500728,3.7350287871181336
394,5.0,1.12584666605061,3.9220052508457233
395,2.2249127466244394,1.0,4.420389831500037
396,2.3947619870124948,3.754021149095563,5.0
397,1.0,3.3597287835022325,3.956894554982428
398,5.0,4.200188259294053,3.9108999049918065
399,1.0,1.0477399094691369,4.055009086474851
400,4.511779876286642,1.109568533898464,4.743454011971766
401,1.4974229390535543,3.591066182082181,3.552184991966363
402,4.781073885445113,1.0,4.439224136171207
403,2.16801945251256,2.693700292785702,3.6866989848771725
404,4.676682314176305,3.7083836790088256,3.6984007292457166
405,2.0802285321991416,1.1613039622868668,4.9724603288539475
406,5.0,4.411256151834288,3.9916133448403306
407,1.0,1.0,3.518434209700742
408,1.1702539760443593,1.0,4.64795473877397
409,1.6879035887984166,1.148746937236654,3.8781548185607417
410,1.1247953987187254,4.371187046350318,4.183730693510539
411,1.0,1.2483188011224908,3.728418456831936
412,4.711208258587952,4.368757230536588,3.923014446241763
413,4.813182050703635,4.0365546710108,4.057345064716467
414,1.6788410685077992,3.251876244369191,4.388592494623292
415,5.0,2.6400645593589367,3.8260705023271235
416,1.8971868863171288,1.0,4.633558265863483
417,1.0,1.0,4.989272225897608
418,4.948407841015933,1.0112957462460346,2.246721601684062
419,4.820536166806495,3.4290763602568237,3.6098597570527335
420,5.0,4.374296560222175,4.92468349169696
421,1.4712199118854943,3.6345254922891845,3.5177851412624834
422,4.938033656697646,3.6727896518824634,3.5335591816472514
423,1.3610333999722404,3.8576405495889112,3.982953363216666
424,1.0658630735596195,1.0,3.7981972981509293
425,1.0,3.1147709531562624,4.345107299005412
426,5.0,4.402776047764545,5.0
427,5.0,1.4622915416725868,3.95393296174299
428,5.0,4.153602952535227,4.907935371054297
429,2.389687412571665,1.3381592014010866,3.997245480189563
430,1.9404345706560462,3.025202200230797,4.540438831212661
431,1.4011776232173556,3.7083269468600397,4.39279335642066
432,1.2506690142816548,4.024688412093477,4.498303155733958
433,1.9886049258779848,1.055082601437651,3.6814871248586987
434,5.0,4.242457564213557,3.6203829647746195
435,1.8255811325190114,2.719882989707349,3.643577463448595
436,1.4835972997387743,1.0,4.161027058234367
437,1.1673511630503959,3.8640274692145664,4.161440838450774
438,1.0,3.459439595741165,4.347924162278411
439,1.8266219057480089,2.9439449603267187,4.251826388426253
440,5.0,1.2550939672981465,3.9496896733693396
441,4.55633327779924,1.250811381374439,4.112855361565319
442,4.5238841913191425,2.7655441848032414,5.0
443,1.9500242395278025,1.071869689371732,4.012736470285225
444,1.83269017969267,1.394302893318648,4.975650984451637
445,1.0,3.9751977194569497,4.145097445642653
446,4.762693309880005,3.445117507342546,4.057474548975653
447,4.664717746942981,3.7144582293241615,4.14394230533591
448,1.1891433569803378,1.0,4.112854773963364
449,2.0145711162678004,1.3914538731447492,2.2191965605136548
450,1.7001542112493668,1.3476811979622165,2.142803508782876
451,4.8195894262599985,1.4925898759338447,4.019742486437267
452,5.0,3.179393488112426,4.181796811284387
453,1.5722293482724778,3.4366879266671493,3.949481965185428
454,1.6474530092661794,1.3269490250841107,3.741671225972601
455,1.0,1.344426333120087,3.5014182201339157
456,1.3123173327141189,1.0691415704542684,4.059964147145843
457,1.2524092332120094,1.0,4.090655226608641
458,1.253312931879257,1.4345580725432818,4.4720489647757145
459,5.0,3.9321171756158946,1.8614783340942755
460,5.0,3.038819367249669,1.8941332428283117
461,1.0,2.9461143071251876,3.7017995813421902
462,5.0,1.0648183139601972,3.570534295237322
463,1.0,3.970505078992327,4.272804492861741
464,2.1214644226567847,2.547967558579476,3.749681064339325
465,1.277877705536877,4.382048186007698,4.108904861030038
466,2.00035836038439,1.0,4.187773035545481
467,1.0,4.088943648507349,3.971236687291648
468,1.7774267348009791,3.639187802757987,4.376352113027192
469,2.1428020501620826,3.5033878479826392,4.943794840979729
470,5.0,1.0,3.784908623041765
471,1.3709675998625426,1.2045860321333501,4.396015522961623
472,1.0,1.0,4.3615642842499565
473,1.2697723073855856,1.4088874403864677,3.664039947076413
474,5.0,3.7150225693561847,4.525961018353921
475,1.3828364906780792,1.0,1.5899855563496206
476,5.0,1.0,4.786547398553817
477,2.0176298283979675,1.0,4.472259801741711
478,2.077877081440909,1.2718054684782345,4.058516153160825
479,2.2493153551424343,1.3750345312452585,1.8732617320292688
480,1.464690478828461,4.114162702616198,4.388716094612747
481,1.0,2.6881999816798623,3.9531363314784995
482,1.5534346023910173,1.0,3.815238628401021
483,2.4375503374073384,1.0,4.441219528745657
484,1.0298756255182062,1.4543459516233008,5.0
485,1.114903014566936,1.0,4.3436683754194405
486,4.9824236015947285,3.231645903919888,4.012284743050213
487,1.0,3.93944822329292,2.289438398815455
488,5.0,3.7978473483600217,3.6793533592645518
489,5.0,3.9559159370221137,4.0732229575562435
490,1.0,1.0,4.483845922847546
491,1.0,4.298687370930362,3.7909584305179616
492,1.3378413809055185,3.743301927982967,4.294352329247675
493,4.572357257741326,4.225412123192971,3.9904784072080672
494,5.0,1.0,3.539805683222087
495,4.756661689895914,4.455098556165686,5.0
496,5.0,3.6930149854056986,3.6685691443921127
497,5.0,4.38274207620708,4.13147356713275
498,1.1781225015366465,1.3094732096154345,3.5856641940469727
499,1.0,4.467859924081416,5.0
500,5.0,3.9778906609457496,3.791723887180361
501,1.0,3.2273972938459514,3.726464691677395
502,1.0,2.870710657037784,3.629136404066334
503,5.0,3.684368238019694,4.446002193339048
504,2.2507902311797876,1.0,4.211903742441305
505,5.0,2.665749015388455,4.241660888718089
506,4.855289643219319,1.482044622786384,3.9994045613802447
507,1.0,3.5962464911407164,1.9747277852704834
508,4.531056876035156,1.0892117234526204,1.6100212429914766
509,1.0541812554487988,3.126463855254056,5.0
510,2.262032721039051,3.0380795428740544,3.7469164951087905
511,2.037379190443855,4.162185885711834,4.477145332800406
512,1.3407850719391146,2.616180775011891,4.296580940015147
513,1.5334265330932215,4.055018524205291,3.9129920601928876
514,1.0,3.7872125711273616,3.651341258691533
515,1.737070391174178,1.4401760633010565,5.0
516,1.947272968157122,1.2620716534397256,4.622053767081316
517,4.572376393194123,1.4725144821597427,3.6893337534970705
518,5.0,1.0,3.711520517744227
519,1.0,2.7851331751807087,4.056890638273094
520,2.422307775483585,3.695422586638349,4.2870566539903665
521,1.9258931550366818,3.5111545873118306,3.814314878724692
522,1.485524133255218,1.0,3.5846698142752893
523,5.0,1.178775983520429,1.9645384635244192
524,5.0,2.7310889221345684,2.2481102411599356
525,1.0,3.009003445482618,3.7216638430873883
526,2.2482388061809,1.3878181149649986,3.719924548039374
527,1.4030506531025155,4.193757920349075,4.4472270273467105
528,4.639720566978954,3.894629069906032,4.454153727119178
529,1.0,1.0,4.490465732061576
530,4.924572607185955,3.955735814008485,2.3076596015747803
531,5.0,1.0,3.6881841691679456
532,2.0423865601904385,4.134000767415988,3.7119815207992612
533,2.027456463721732,1.0,3.840225241522392
534,4.641126118299322,1.3523653492620435,4.818132531333491
535,1.5007895110932188,4.2565526600578165,4.456527749078009
536,1.3101400907454612,1.11051316409216,4.2890739828816935
537,1.5875745629862381,3.8642022226495163,4.224008792161554
538,5.0,1.0,4.685963224058132
539,5.0,1.2761518641056229,4.409525559362329
540,4.708651913158431,1.0,5.0
541,5.0,1.0,3.663641841327924
542,4.5786985767075095,2.695174615040006,5.0
543,5.0,1.0,3.7722475363704713
544,1.0,3.277161196205595,1.5808697458321062
545,2.235953560515178,2.7289871853003116,5.0
546,4.801231294793908,4.026642263525197,5.0
547,4.9633910088046465,1.0,1.594932009565618
548,5.0,4.079610899228284,3.818851808936582
549,1.0,1.3771549003711943,2.492814462255539
550,5.0,1.3677473900817305,4.178426667008737
551,4.802640340636815,1.0,4.23007516660333
552,1.1623718599127535,1.0,4.712917285604306
553,1.6582830506993735,1.0,3.578782071003914
554,1.1881176592063503,3.1061935374241405,3.7769016897409378
555,1.6281880728104619,1.057764759098062,3.748898385193192
556,1.0,1.1513361058002056,3.734544100748053
557,1.7472060737388768,3.6540757324730837,3.6927543218870396
558,2.2483752494281823,1.1465350987807326,4.0747556906554045
559,4.762035004506875,1.0,3.8281034758418215
560,5.0,1.250523980696749,4.320345015047531
561,5.0,3.83908761326268,3.683947417847384
562,1.0,1.2098954333814536,4.964627070868545
563,1.1138459450077243,1.0,4.51365783642608
564,4.587717641719964,2.9078600255909133,3.981682322455192
565,1.0,3.2050345222633325,3.5558382208764745
566,5.0,2.726870516331494,2.4777235118726435
567,5.0,4.295287044797223,4.290592128650413
568,2.124700669406608,1.1307797331049319,3.9901114766364554
569,4.782540863662444,1.0875617721497983,1.5865873581793504
570,1.0,1.0,4.0924454407904145
571,1.6029461447002862,1.0,4.258763750701878
572,5.0,1.0973493009778532,3.6907172530047454
573,2.0038887967912737,1.0,5.0
574,5.0,3.1983133239405603,2.3142108983828678
575,1.0,2.9336969331069596,5.0
576,1.8244382286350662,1.0,4.302992017867153
577,1.8342153372601147,3.713933782801047,4.37932342486972
578,4.525742409747216,1.0,4.43768210215947
579,1.0,1.0,3.905521155203536
580,2.3033045735180337,3.2489176404785196,4.068769102522877
581,5.0,1.2941627088376095,4.29065952604561
582,1.0182183156359275,1.0,4.197139813945784
583,4.95550169521922,1.4590439968714077,4.495520228264379
584,1.5308246186993704,4.002402793480127,4.513677651104644
585,5.0,4.416978749018503,3.8551332153157905
586,4.513010213425873,1.2067652818616312,3.7810279262702027
587,1.4447500802102118,4.222433423022413,3.7623158501655345
588,1.9892162486880907,3.5850436213060712,3.722529782498886
589,4.841934493574726,2.7199911268969306,4.209123840815229
590,2.4242184348426603,3.5088148332944726,3.584759473275322
591,4.524390993110097,1.2161276404767376,2.241608833943338
592,2.081424894869087,1.0,2.1934258420162736
593,1.0489325244993375,3.2866525160763467,3.7508041325008965
594,1.719320401211382,2.8389362199370263,3.752833783165161
595,4.92888743135021,3.319333752298861,5.0
596,2.15226400594377,2.630698253748313,4.262171105483678
597,5.0,3.673373156757508,4.3764856130873655
598,4.50071685870658,3.8408765395839364,5.0
599,2.4368534300910154,3.908487388882273,4.464882994163853
600,1.0,3.8487028108429784,4.0813848953365115
601,4.733580434222359,4.26364703252322,2.4086555613403595
602,1.7634734456938483,1.0,4.308513273260411
603,4.537820136552035,1.0,5.0
604,1.623052123590325,1.3372399995154594,3.5116266012853665
605,2.486349922944162,3.566797077262172,4.465902991865811
606,4.815216737377286,3.4423435076713575,3.9735301628464783
607,1.6153010903390492,4.4863168422720126,5.0
608,1.6069912611746233,1.0,3.627204119337781
609,2.219459967669972,1.0,3.895941095813974
610,2.354568664032641,3.872400666035356,4.771460663020991
611,1.7569522995084699,1.276391368652726,3.791658770500937
612,4.520909512335235,1.0959268121167338,3.6232556199508816
613,1.723090018445356,1.1443657004925674,4.305763832543007
614,1.5565156907967572,1.257509822818506,3.509242314581078
615,4.603394936630042,3.6179789994370255,3.8125054569852024
616,1.0,1.3332094569102624,3.674410543216415
617,1.0,3.2056198041801442,4.08903894060834
618,5.0,1.0773417251963702,3.7542524026145436
619,4.753493753257191,4.389735334783056,3.7589984545280997
620,2.440537301102948,1.200306353883807,3.9883381439953185
621,5.0,2.701699962631025,2.1526890393409257
622,1.066806105010466,3.9297453810756666,4.621304704565164
623,4.854423991987386,1.0,3.6755114524654964
624,1.8811468820347357,3.5552176267504056,4.747174744594518
625,1.9118522831444968,3.4546375133600558,4.47374821411796
626,2.227579322134944,1.0,3.89715249994292
627,1.0,1.1974612672267269,4.098990090631027
628,1.3567299465058973,4.00623103609088,3.741542812715978
629,5.0,3.5256322498844224,3.9904595251574877
630,1.8359461533789339,1.4247474758643617,3.574119174385958
631,2.06069448137568,1.3518368088189332,4.534742145922327
632,1.0,4.024257927903836,3.96873352682146
633,1.0,2.728942336139445,3.898659287518412
634,4.91346576671016,3.6216228906800945,4.636880319691827
635,1.706202715901779,1.0,5.0
636,2.3765604907887177,3.7554282810460906,5.0
637,1.0,1.0066912010062987,3.8956468211967126
638,4.955660821553092,1.466409296123429,4.124558635917395
639,1.1056992404598756,3.0749534932296414,4.462975942364485
640,1.1918639081608444,4.389931055890098,4.3315349724468755
641,1.8830693697265066,1.1508788374957772,3.9635522233026856
642,1.3690990687247284,1.0,4.237489484459919
643,1.0683191510779255,3.354607562733371,3.628135040250524
644,4.939507780447552,2.9713681101729974,4.012103855463799
645,4.567240634052037,4.368628170510361,3.7790602771799366
646,4.964689468445165,3.7915767695757654,3.661163687896161
647,2.3207358408157304,1.0,3.9262809062545347
648,1.1145410182213156,4.355314464362938,4.631014554433614
649,1.3321624537291183,4.087415163792667,4.198985108174486
650,4.994011670599305,4.38909239824896,3.9562400440533354
651,1.6184617050944818,3.437827206992383,2.031144632564664
652,4.513639845835881,3.553628390371449,3.646375938668157
653,1.0,1.0009693018588683,3.6397716610934943
654,2.1979904714977927,1.0,5.0
655,1.2902599039416938,4.125858397070117,4.485009747829446
656,1.7957528346203295,1.2935911972023235,3.5962505832377256
657,4.995653920883247,1.0,3.7857314285657813
658,4.921118904434081,4.056798384373172,4.369459116537888
659,1.9105227843514279,4.2087285799049,4.572272012255237
660,1.7313487132001506,1.0,4.375885721366951
661,4.6363711050294585,4.314066905951266,4.024285983374751
662,4.696688558231213,3.106109599852973,3.908266773926426
663,1.0,3.449537437113652,3.809680564351456
664,1.6981307418235772,3.8395289191306934,3.797117158127842
665,1.0,1.0,3.8058025824494788
666,2.127258400635978,1.0065012010369254,2.3848030809601957
667,1.816375407387683,1.0,4.223795230174786
668,2.4731447114269085,3.469526523324007,4.16972300783115
669,1.6937170507762978,2.5386849582571918,5.0
670,1.0,4.253503901107308,3.757114663004145
671,1.8578411586415333,4.025102398142244,4.118042812081756
672,4.50845149606246,2.8686206524982887,4.960066238957951
673,5.0,3.5658421645086547,2.2824416352001933
674,1.5319944601443247,1.1221669241736079,3.8092561104732856
675,5.0,1.0852203293909553,4.143178616869895
676,5.0,3.7808832730676,4.382212411817314
677,1.0355219160859637,1.410221701410312,4.902150476194929
678,1.0435955749112922,1.0,3.5666220873674614
679,5.0,2.949725410592106,2.016050822341793
680,4.887050011934887,1.0437624559186558,3.845972487807026
681,5.0,3.6002318781762863,4.172225380547175
682,4.544768388688487,1.4321617192136324,5.0
683,4.554047627349727,1.0,3.985608317996847
684,1.9572304196195445,1.0,3.966190230155534
685,1.049622301106035,2.88729117367533,4.1545848001914605
686,1.3878176403358191,1.1002025470925807,3.6034975035935677
687,1.6046606339078964,3.0136526718213297,3.7535061889250145
688,5.0,4.194541974037274,4.418979325500398
689,1.7100473372920697,3.5554839420679105,4.169942613363766
690,4.894083648510032,1.0,3.5134440439834163
691,1.0,1.3192305768401023,4.7046254725590195
692,1.900155272865399,2.579893687791361,4.1828372660288995
693,1.0,4.355485954695958,4.264399202562574
694,2.003570074403555,3.591896092077106,5.0
695,5.0,1.3344542148916962,3.792176803382045
696,4.941534010378897,3.8607884010787266,5.0
697,4.990613575898199,1.112209063257216,5.0
698,1.3487675852813141,1.0,4.196539022387893
699,2.2060581146380307,1.0,4.096738862779908
700,1.9904544085197848,1.0,3.6227400546746207
701,1.7576956481891797,1.0,4.46311465938488
702,5.0,1.0,3.6228755798941528
703,5.0,3.01438324651102,3.7548819564111837
704,4.721147610110694,1.0887594635650095,4.31362788022298
705,1.0,3.2898681073797427,4.118596961501101
706,5.0,1.1562398932483586,4.338149165376357
707,1.0,1.108758325129553,5.0
708,5.0,1.0,1.8769932353666348
709,1.6303516797147917,1.0,2.4218454995477847
710,2.2960685253969375,2.914520829390181,3.536252317514795
711,1.8947753167716828,1.3421660300613831,5.0
712,4.992216183287467,2.7300004525484,4.7308177851877815
713,1.3806505774645779,1.0,4.348736327753968
714,1.9129111895892132,3.151319897226239,4.639196613416885
715,5.0,3.7024621836388314,4.08021896369054
716,1.54929966240917,1.3901151363098094,5.0
717,1.0,1.359046329706656,3.9735396468988906
718,1.744799873001726,1.0,4.246566673803393
719,2.1805830929187673,2.6063884054140773,4.304671617855559
720,4.621264893359137,1.0,4.236494208716779
721,4.61376195880455,3.109222662769355,4.425329736874598
722,1.9109606080359032,2.7749083374822407,3.9468342305199284
723,5.0,4.216797716699371,4.6731254391651555
724,2.2120719922479304,3.0949160209188715,3.54781106370248
725,1.0,2.8248241097485547,3.746459869637505
726,1.0,1.0,3.643197503880242
727,2.440397033945544,4.2501502812985175,4.057948741434481
728,1.0,3.7147536658250826,4.684945337211732
729,5.0,1.3344737434626284,3.538933707289371
730,5.0,3.920290260054255,3.5359898288686678
731,1.2725225917625445,1.0770774426317655,4.331569498364861
732,1.6688336066525702,4.372948730409002,4.091449931443025
733,5.0,4.3636230009199535,4.858085301893378
734,5.0,1.0,2.394228042740247
735,5.0,3.7088888927148433,4.570196611407714
736,1.8372020351689526,1.2751460777285946,4.480322072727826
737,4.762508604266544,1.0,4.116291790254461
738,1.621889212080359,1.0,4.6834642539688485
739,2.0097570669008715,4.40442534231715,4.179069098976969
740,1.0852608755098465,1.0,4.2633812597835625
741,1.0,1.0,3.9293427833707746
742,1.9753590676808686,3.52027997376742,4.361632606245547
743,1.0,1.1223153564542643,4.65073240729647
744,1.1410060573207013,1.1616750607175304,3.7788375835776082
745,5.0,1.0,4.59349236158399
746,1.0,1.0,3.710877840607352
747,1.8814088099031234,1.0,3.738728811911145
748,1.6408686039508613,1.1801585467588787,2.41763319092171
749,5.0,3.5581337910268287,3.578109688751156
750,2.228870509488596,4.4291163526913255,4.927415120187709
751,1.4319127325974559,1.0,4.032398687226913
752,1.778871926260965,1.4996732052420922,4.398693053802161
753,5.0,1.0,5.0
754,4.563262671820675,3.2715464573123776,4.253388114919836
755,2.103013863364588,1.0,2.4707909905690295
756,1.55713271934333,1.0,5.0
757,5.0,4.374933324350649,4.463202640971416
758,1.0298090570700542,1.358751259190892,4.207270725944455
759,5.0,1.0,3.579763425451071
760,2.3315739259104524,4.202396142540427,3.9019201869926765
761,1.0,3.0570659326839174,4.14659728380247
762,1.5385915619381338,1.352956113673749,3.850718509454251
763,1.3788811459128523,2.8150559693186543,3.7733839181137787
764,4.8149332274589325,1.0236723999989852,4.0773992671330905
765,4.6289789079271655,3.9853723712045506,5.0
766,1.0,1.0,3.534981873516154
767,5.0,4.391455064556372,4.2692312035414375
768,1.0,3.6658779246625355,4.222727278044627
769,1.7748956582570878,3.649508639520696,4.463953425388287
770,1.0,4.076909535322751,4.430711222332544
771,4.920335389195499,3.157494229984942,4.2622325620441925
772,5.0,1.0,4.020408764682599
773,5.0,1.0,3.70426755323352
774,5.0,3.446563842978744,4.045235718325574
775,4.661637693784591,3.746617422690674,4.265351993919654
776,5.0,1.168360702117394,4.395669212637893
777,5.0,4.240149393697591,4.289712009210549
778,4.653749312102918,3.9481286994651597,3.695266935191054
779,2.4217266694516613,4.437525986759583,4.09968631422806
780,1.257469050723103,4.236656735218791,3.832173459531357
781,2.2317052727231514,1.0,3.509205667390643
782,1.2091807037944047,1.069335201776094,1.700220935788666
783,1.7003398210964424,1.1926134434251008,4.613220649933449
784,1.7110066917075262,1.0921901804292182,5.0
785,5.0,3.3786975838260758,3.758506252147812
786,1.0,3.8568886622804013,1.7846979688875555
787,1.0,3.799885740055805,4.459936571798885
788,2.2820018255939414,2.713838889495264,3.879086723048852
789,5.0,1.0,3.509585640144395
790,1.9532617725258596,1.0,1.7838461483461365
791,2.292189938275245,1.3700551931092828,3.6192995806018127
792,5.0,1.1783931464059072,3.602808561735854
793,5.0,3.160532415436486,4.57748729013575
794,1.0,1.114642818934886,4.0932594701753775
795,1.7740117803855475,1.3492191446941049,3.689347723629859
796,1.0,1.0,3.8612427940410106
797,4.616804107733952,3.3704108285583003,2.362017716130017
798,1.0,1.0,4.9243381397962755
799,1.7095192243125321,1.4267075043390904,4.415691350051637
800,1.0,1.19865698008124,3.997938053395606
801,1.408437547872265,3.7571771360244273,3.8988366148397557
802,4.604480316753958,1.0640849216886252,5.0
803,1.2202679239473957,3.0330305614882556,4.573175098768002
804,1.1872830044131277,3.637898821730334,1.5894783829824175
805,1.5957541986633577,3.0912429057506143,4.151973713922961
806,1.4225724049058002,3.8147856237169577,3.9869407132392483
807,1.0684722021568196,1.0,4.29041525031921
808,4.8637255211356845,1.4486561577065649,5.0
809,5.0,1.1414903690642877,3.8883668776715474
810,4.757365458401634,3.376918931870847,5.0
811,5.0,1.1760560050132531,4.0006966277953095
812,4.539711207572247,1.0,5.0
813,1.3394080376092719,3.012688072328811,4.331084407356595
814,4.948170847021318,3.175746760347177,5.0
815,5.0,1.4602523252014374,3.7543400875776043
816,4.721237819806683,2.7536694591216966,4.272526423162594
817,2.177073712658448,3.3749770586241175,3.765473224997649
818,1.2722402758932767,1.4240778052942695,3.70874253342839
819,4.973213186884399,1.1704155146589565,4.444266159655551
820,5.0,4.431266627401338,4.519304416717866
821,4.956325923822399,2.8978785874773685,4.46538870366343
822,1.3940913692578456,1.4530161760404428,3.649261896988806
823,1.0,1.202782877165975,2.319438081793268
824,1.3418087090288189,2.5420057674188117,4.775922553068103
825,5.0,4.406872831819053,3.8507023274307275
826,1.0,2.9844728090331927,3.7167577113219847
827,1.0,1.0,2.08551404248108
828,4.906082132559771,1.0664666059796342,3.848095547507874
829,1.32621737577522,3.649384546771228,2.1573930394946634
830,4.727632535819392,1.0,1.515647317942066
831,2.0244363458577492,4.3311272167177455,3.5643748835150397
832,5.0,3.515482459137515,3.5996611527312488
833,1.8534774751283787,1.0,3.918993685310231
834,5.0,3.5024545864438443,4.314796172659976
835,4.745631574048814,1.0,2.3881779103783827
836,1.0,4.228315510493735,3.7448107400609008
837,1.2943842250928563,1.2987718291146284,4.0743697242390144
838,1.0,1.4451897611270066,4.2683649926926
839,4.771381395079585,3.1085046129707865,3.7888294299196086
840,5.0,3.7546268666528952,3.909007736736273
841,1.8464692870786672,1.424147949136699,4.023974202685714
842,5.0,3.275315753880376,1.6348748464080476
843,1.4797343347738598,1.0744284830031445,1.5259822937257803
844,4.768276020453556,1.195640215718936,3.6528058093182834
845,4.5409782222498905,1.4243163550074291,5.0
846,1.2050632842053792,1.2123940284729215,3.5736182615336816
847,1.9509865026483437,1.0,3.6896963648501284
848,1.0,1.2130282022890966,3.8378538856953037
849,2.2075228189780427,1.0,3.5778700643063663
850,1.5311749091119213,1.0,3.6916992711616343
851,1.370196690492242,1.0,4.411269788983511
852,1.6386525291133038,3.6668382344208346,4.519299132226985
853,1.627311878746725,1.0,4.153431924174362
854,1.6756722979685845,3.6333812366377427,3.884408930915185
855,2.4602663584920665,4.1546214957970555,4.172648739432371
856,1.193169360253846,3.3022888163636877,4.088691720363404
857,5.0,3.4882034927269743,3.7234987543546443
858,4.897634985732753,3.846363503108494,4.347209487573388
859,1.8363127275049556,1.0993792222611019,3.9919403826093567
860,1.0,3.437144966815122,4.322536018913472
861,4.980648028312409,2.6670417813381526,4.90601253618822
862,5.0,3.2176455863427424,4.484685553915239
863,1.1317748436527553,4.254978733149163,4.270489358501297
864,1.7571185039986945,1.0,4.4659502051125735
865,1.4486540809029906,3.361249385183065,4.014326478909859
866,1.6697584982071358,3.313105047110844,4.973691132290701
867,1.4656531747664123,1.0,4.255453809325258
868,1.5148561225075037,1.0,4.38029126301343
869,4.981125691816846,2.5491268938918523,4.464145795865558
870,1.8333678381165628,3.8347435317993623,1.8245519060324997
871,1.9491234139302507,1.0092889906799263,4.298704573842639
872,2.070664578980789,4.032347727954629,3.7106455976355366
873,1.935589158012709,1.0,5.0
874,1.0,1.4115968865602742,4.679848148409199
875,1.2327234154133064,1.0,3.847397361750339
876,5.0,1.0,4.431358367206459
877,1.3332712820358479,1.0,3.646090699773086
878,4.749958981239495,1.0311094225441555,4.132400895135197
879,5.0,3.908221822588232,2.092954272927403
880,1.0851947853928539,3.7738425190992593,3.6207383527089867
881,1.8697378108726888,1.0,3.825979043768812
882,1.986057541902681,1.3191645000962298,4.062981504515266
883,4.813782143305729,1.4961452421241919,4.68717860898849
884,4.641844397616985,2.829542133523882,5.0
885,4.713801210662733,1.0,4.4721565095347495
886,1.0,1.1180375246769572,4.714759399962472
887,5.0,4.218441474735541,3.6869119647905757
888,2.1607273931091515,3.892029534803591,3.9549350717974447
889,2.4506063715798727,1.4049295169818152,4.247765277140032
890,1.2296784136472412,1.0600039892289184,3.7816006102352513
891,1.0,1.0,4.5198799086972805
892,5.0,4.146672753159905,4.041220628032894
893,2.3626751629457257,3.4528038482491734,5.0
894,1.9433203207726986,1.2945522944217056,3.8912768554069457
895,2.0858630505279216,3.540013130535124,3.9201345541831003
896,5.0,1.0,4.468901717114038
897,5.0,1.0,2.1946076116267283
898,1.4053218283760898,1.0,2.219171922842125
899,1.0,1.2001875608304564,4.062702005371068
900,1.0,1.326269149862581,4.474609210863242
901,4.940754943441318,1.2313450951852716,4.1888664844255565
902,2.0847568083373047,1.4893332868282751,4.39503275160517
903,2.3162278518628003,1.0,4.199378865733221
904,2.4882621151431867,4.374989495024422,4.2351158248403955
905,1.8888514964741163,1.266622665174486,3.7904109221422466
906,4.547415636140085,1.0,3.803478698013819
907,2.3011715032953246,3.2341245436569688,5.0
908,1.104380719082808,3.6040759564182467,3.7967062891698995
909,1.0,4.2893334823405525,4.062770070801531
910,1.9948284566214203,1.0323306025871026,4.749352310906702
911,5.0,1.0,5.0
912,2.2704117870686438,4.15577730178418,4.61050135122769
913,4.999618411998762,3.141619998714409,4.329446639761665
914,4.805214530128859,1.0,2.1027298005076016
915,1.4737425820384935,3.5303974148115262,3.6869095348270773
916,1.1633626109564927,1.0,4.042035385506118
917,1.0,4.069511869344421,4.78249883684734
918,4.780463224204652,4.376605278370598,3.8234673347304966
919,1.231102983003562,3.4282167956475944,1.8515280415968802
920,1.7421834455937677,4.028805218156767,3.5633192469723207
921,1.6717099889736882,4.253803483768545,4.485961684401417
922,5.0,1.0,3.531534628131224
923,1.0,1.246082156572893,4.162496873184279
924,2.128905144923615,1.0,4.871227647757431
925,1.6179386748742335,1.0,5.0
926,2.1549411045673215,4.134227998813615,3.8562482530875837
927,4.783296527997702,1.0,4.173750646258859
928,1.0,1.222461310338954,4.229235509468361
929,4.626936057674176,3.3355355012681667,4.190552640399645
930,5.0,3.8991416610939513,4.613961981358152
931,2.3673546391153577,1.0,4.156893234654684
932,4.733609032036237,1.3512822122165309,3.7799875494540975
933,2.2783719045454913,1.2756546353260334,3.5288013705693335
934,1.1085715931739744,2.788149489033375,1.914830671888954
935,5.0,1.0,1.933543102803801
936,1.873605659534059,3.1788782323905966,3.9671741333524464
937,5.0,1.0631980924481612,4.204824165390717
938,1.5635357224239186,1.0,3.8088438091424592
939,4.896247346816406,3.8099299092291665,3.8152805131039225
940,2.4638176611881804,1.399983276878654,4.560552256241261
941,1.0389808744501206,1.1881744367222633,4.186821215992296
942,1.7878795033348447,1.4859743176855194,4.067826091399584
943,4.620270963128607,1.2670125299807693,3.849425112693788
944,5.0,3.4419744321435903,4.205188978917355
945,2.144856043429727,1.0,4.037357749226877
946,4.873938713603774,1.2714848748169256,4.96924494587054
947,1.4509413518658343,1.0,4.011324543661127
948,1.5222028129878504,3.170760021711534,4.136348125267056
949,4.803723851631826,3.9692822781202413,4.1600026045746
950,5.0,2.8467600719200687,3.788957819140717
951,4.820935438319441,3.362404352293089,3.6407433633911532
952,4.75225283385517,1.3542676926575306,4.656634181190519
953,1.0342204099312473,1.0,4.139390885903001
954,5.0,1.109505122449431,4.372873285767126
955,1.603146760878361,1.0,3.909496278345552
956,1.4430207096457361,1.0,3.6695201603294625
957,1.295072881181164,3.332040739218776,4.256602498293855
958,1.6812502555515518,2.8098397715276784,4.332489474419448
959,1.2120079611981627,4.44304881063762,4.380582443120966
960,1.884958722637557,1.0,2.106831428913733
961,1.0,3.162722423368178,4.360728559388084
962,1.2832900924388664,4.1721050670137645,3.5154149584484076
963,2.462784807980732,2.752195161427918,3.6072358017695234
964,1.626655872847194,1.0,3.5925760670520988
965,1.9206302368788193,1.3347984925799405,4.212604684254733
966,4.980941608084303,1.2618052549549525,3.569581783543579
967,4.876311816954997,1.0,3.996364372466307
968,4.863189123716225,4.033956546934934,3.972706898636289
969,1.5522686675615964,1.0,4.8107035235582405
970,5.0,1.0,4.370405169942099
971,1.0,3.985820558860399,3.670433201879996
972,1.0,3.585973735279212,3.85246278439924
973,2.3160335023020684,1.3433323548919374,2.2741715000229292
974,5.0,3.2180062101076476,1.5304223143932842
975,1.0,1.4436336706484947,4.172950400246369
976,1.0,1.1934669059640273,2.3163977263615707
977,1.1380927257964524,1.4404013722621856,4.432267838838167
978,4.788152135777403,3.054512555690965,4.376296640491485
979,4.736007930323712,4.100218611061969,3.8193841168336853
980,1.2305146540263268,1.4769710546262609,4.086364141322953
981,1.5403252397209508,3.1421291468642605,3.577293493150466
982,1.594768471034594,1.0,3.7578700035480086
983,4.5067881740235896,3.2238027766305235,3.5942223787475074
984,1.0,1.4054686921374158,3.815187290153964
985,4.568990008710459,1.2955802497943267,4.375187213458729
986,2.495802367779919,4.083833272625423,3.8471668396742924
987,4.788809969954089,3.171303513093516,4.061898103001426
988,1.0,1.4901917892516718,4.933380848114941
989,1.740996257995918,1.0,3.9589165242987354
990,2.436125571540135,1.1672448286332395,4.4695720518365585
991,2.0201602230243956,1.0,3.796154468263858
992,1.0,4.14009039658617,4.127324469523171
993,5.0,4.107623575883939,3.920062669579447
994,1.0,1.0,3.561146181047686
995,4.8350085699576955,1.0,3.989330831624236
996,4.707282522549735,4.121629578043214,5.0
997,1.8777968239094114,1.0,3.5987529686816884
998,4.816684356016926,2.765180875130323,3.569591847396309
999,5.0,1.3352455477380025,3.6536315203932666
1000,1.789582704670727,3.8270915060016386,5.0
1001,5.0,2.988060156269663,5.0
1002,1.0,4.441140335145841,4.06501776890611
1003,1.6912891566965143,3.7271490888369465,3.9682264040926323
1004,4.907405271611349,1.0,4.388325814702622
1005,2.436949253908695,4.106457775543546,4.266697823833482
1006,1.8772519857156955,4.2553389295039725,4.311942251301805
1007,2.164074121199834,1.401653386712705,4.313262301350655
1008,4.755087222421398,1.4154729875735153,5.0
1009,4.627033575973232,1.276640074372623,3.958014624315946
1010,1.5585366000800502,1.0,4.36467775258565
1011,4.805413498542752,1.0,4.426007417603251
1012,4.657661026796908,2.883773930355624,3.523806043258343
1013,1.0,1.0,3.551554873266251
1014,1.26075930838695,4.210387647438298,4.4587432969084375
1015,4.515838070944874,1.161130586825717,3.777160613844195
1016,5.0,1.0,4.3733694396494185
1017,4.879461380593465,1.336593779130951,3.8887951189614025
1018,2.006549999908547,1.0,3.6191000576093555
1019,1.062830237214603,1.0,1.5804432002093343
1020,1.8133676944572783,1.1679337354557424,3.6565078990804567
1021,1.0,1.0,3.7498931948673646
1022,1.2334018493349057,3.9412878027999434,1.9885183539308262
1023,5.0,3.56562799533574,4.2014979005657835
1024,1.0,1.0,2.4863985764853
1025,4.597618760535149,4.264847893219984,4.941506743289171
1026,2.397795806392026,4.4151763371865975,5.0
1027,1.8498954636473988,1.0,4.021815701383256
1028,1.0513173906628142,3.923585826879079,5.0
1029,1.8595431445200035,4.202627106323652,5.0
1030,1.0,1.4427720011052765,4.508774755061918
1031,5.0,1.0,3.501724822109841
1032,5.0,1.0,3.597666318126123
1033,1.702993559191197,1.295973243552301,3.601556603429179
1034,1.0,4.109693569374039,4.204896908954796
1035,5.0,1.0,3.7049160325159995
1036,2.0904261031078915,4.127732735562265,4.394714104755613
1037,1.0,3.686746284597327,4.428606329577019
1038,2.048021497229135,3.010215934078404,4.475893337895899
1039,5.0,3.0291032676604384,4.43908130488702
1040,1.2927034057807514,1.376203362224985,3.7718883219185244
1041,1.1291175786342666,1.0,5.0
1042,4.652658164540783,2.779442422235894,3.675454970196941
1043,1.2101732665901608,1.0,4.306209655172433
1044,1.1773418460815164,1.3742518766843361,4.388431705144096
1045,1.524426882940633,3.6710108544182285,4.351288839297515
1046,4.911747667590243,2.925868560883144,3.933366948696835
1047,1.8329502469623733,1.0,5.0
1048,5.0,3.2733040401143754,3.5975791695762696
1049,4.71613581231092,3.974372639974619,1.5402447706192506
1050,1.0908719229742585,1.0,4.253236414308761
1051,5.0,1.0,3.925355274328684
1052,2.297802372208608,4.352214206722979,4.495549264739569
1053,1.4214577362165304,1.0537739542944382,1.5972542158555325
1054,2.47850596693269,1.2178678511312637,4.355627681535234
1055,1.5106701270061627,1.3970385162506846,3.979983065528992
1056,1.1227412763774776,4.401741676040642,2.327150195503877
1057,1.0,1.0,4.317127282170145
1058,2.3598544903351217,1.4524512631463853,5.0
1059,4.751814702009131,1.0,3.7978500112861027
1060,2.481029489115076,3.8768355610161658,5.0
1061,5.0,1.3957988575088416,3.65166696035762
1062,1.2935374022288308,2.774636879816983,3.5819687775934907
1063,1.0,3.7730814503213184,3.9316155173723493
1064,1.0,1.0,4.328322968641842
1065,1.2584036730342032,4.112313384846923,3.9734211306334455
1066,1.0,3.938332775614354,4.329286677530514
1067,5.0,4.226734836353343,4.229686805794305
1068,4.513949018691911,1.3949106425646658,3.7094283861389337
1069,5.0,3.1741993749428605,4.448881624899464
1070,1.0,3.7044667201975754,4.560781168629403
1071,5.0,4.432681902360502,4.398279707543795
1072,2.1960314069891136,1.0,3.804443448990374
1073,1.0,3.649894295328158,4.000148083164399
1074,4.607962448110835,1.0,3.9223518727007347
1075,4.569645867748266,1.0633837406661657,3.671834556916916
1076,1.0889360225625477,1.0,3.858146866401693
1077,2.0206553537341114,3.638775884112631,3.6929344362927954
1078,1.2422010091211324,1.0,3.703886475460524
1079,5.0,2.781653009684464,3.6870568360263802
1080,1.9224457900308791,4.1042395103321425,4.989017380346594
1081,4.8980871782362305,1.3167452794726815,4.297931367511316
1082,1.0,3.2613496562028925,4.068970033761241
1083,1.8355572016966573,1.0,4.393206588550842
1084,2.476020157524494,1.0,5.0
1085,2.373555576227089,3.4657915301069675,4.1893401156326044
1086,1.8293780670342177,3.50823624159196,4.167607229727003
1087,5.0,3.379720533060216,3.949459193183741
1088,5.0,3.699728519122405,4.1893388222000825
1089,4.941274336750069,1.4472843230897678,1.569707746468961
1090,4.517957863750151,1.0,5.0
1091,4.57451046181864,2.9403517738932523,4.277812143443917
1092,2.0103927213487065,1.2071206139443809,3.745229958231679
1093,5.0,1.0876690514732603,4.268032454254082
1094,2.1932095422188675,2.8179393297068227,3.5126426014000183
1095,1.5709161914385694,1.0538309158678234,3.7172465724808803
1096,1.6893608757918628,1.230706884362886,4.565137238670896
1097,2.27132314321685,2.542334945902492,4.280226916617894
1098,1.3414397599562449,2.5111993052557042,5.0
1099,5.0,3.958066939072891,5.0
1100,2.1444231696298166,2.631836617803514,3.5044816933255287
1101,1.0,1.1643442914647144,4.001232726678408
1102,2.3285302595815085,3.714052456227434,4.204836197517336
1103,1.2882752081708295,3.932851106795671,3.6554011287390153
1104,1.0,1.0,2.1497907275126247
1105,1.2086767199655069,1.0484835857491244,3.5841100993096857
1106,1.714854606424998,2.616053459384569,1.6813258561043132
1107,1.540330161051513,2.52310685278748,4.975796814994601
1108,4.701136542590377,3.551131638106697,5.0
1109,4.678628876754299,4.45425844151531,3.645869126953896
1110,1.8377479967348473,2.642286218610936,3.685223330830938
1111,1.918449497175458,4.208478253136835,3.704446367065663
1112,2.008538891497708,2.567926204222826,3.7387008046989783
1113,4.9767538755083285,1.0,3.726553848526291
1114,1.0,4.008876251409335,3.8951491084976366
1115,1.0,1.0,4.153789650836723
1116,5.0,4.451580309439869,1.9380317831344698
1117,1.8957448298473545,4.444835453020738,2.2759739087498883
1118,1.0,3.279608642542465,4.219268505948615
1119,1.3669410428305122,3.1021018301273497,3.6265269140490757
1120,5.0,1.0,4.548841623320744
1121,5.0,1.0,4.377941563999606
1122,4.994982794712461,1.4470875469755553,3.5798310665628734
1123,1.6309312521267776,3.1029088114246854,3.648339180719713
1124,2.1962214361212724,4.0790725276859945,3.522133275558118
1125,4.706073779937175,2.7319011217689146,4.1283363652986536
1126,4.941229669091717,1.0,4.0823705631583485
1127,1.0,1.4451885797595443,5.0
1128,5.0,3.813735258844654,4.386932396317172
1129,1.0,1.0,3.91084317748091
1130,1.4030975070493097,2.614639943585707,1.871585840912535
1131,5.0,4.336924329909292,3.796852034279985
1132,1.9645827644392462,2.5276318328559304,3.6524069200378815
1133,5.0,1.3339907620990965,3.638083656602009
1134,1.1194450738181532,3.6402850127879667,3.6322837080096053
1135,2.303075642337745,1.386564112631152,3.6141147571867784
1136,4.931805100785912,4.229772637336158,3.7405120424055367
1137,5.0,1.0,3.8066686303131165
1138,1.0,1.065817992859468,4.461578971038916
1139,2.440965787842794,3.8126563143552197,5.0
1140,4.986372100825148,1.0,4.487595774513281
1141,1.0,4.359182199411109,3.8724669478256732
1142,5.0,3.9035227665072294,3.957626632589441
1143,5.0,3.8985437143653825,4.8245786591652795
1144,1.0544891143211708,3.66988667480662,3.6828876508965527
1145,1.0,1.0,3.6431647077775793
1146,1.0,4.37161684632885,4.445079197807832
1147,5.0,1.0,4.486810681798755
1148,1.252986193039185,1.451603562499788,3.5449094965087316
1149,2.311162603879132,4.446308899208388,4.650345874731767
1150,1.53282549881924,1.0,4.923524092301022
1151,1.96785946263416,2.677311253522645,1.6863334763444073
1152,1.1466211336575554,3.362674070331889,3.863880393626883
1153,1.3300326836280747,2.8927609189247194,3.6290963498596334
1154,4.549273653582771,3.5043739822830093,3.95651175672179
1155,5.0,1.0,4.77169461616926
1156,5.0,3.09762899319556,3.8519050557586607
1157,1.0,4.299265965959968,3.5943126514627477
1158,1.8172552164497,1.0,3.928128050710142
1159,4.781929551751561,1.0,5.0
1160,1.0308590342884758,3.4220926535723315,3.8288330468811904
1161,4.551685679911132,1.2511483678225828,4.376429274842435
1162,4.658536158499923,1.0897796007780784,4.3431991416236855
1163,1.3126930433757824,4.269186789995928,4.45205841829721
1164,4.632603990746811,2.9288543613066382,5.0
1165,4.733396269458127,4.258455747309126,4.159596827058815
1166,1.0,3.871802991274536,4.356584444227457
1167,2.0171208881133307,2.7440945724926022,3.5756446806573496
1168,2.2636104796141585,1.2290134212929686,3.9628306571988077
1169,1.9473324266661878,1.0,4.4892562386150585
1170,1.2898646210355387,1.481377104326195,4.269600151294732
1171,2.1183463070454573,3.849485182308101,4.462075378037223
1172,4.613099739423823,1.421727420531066,4.279634356133479
1173,1.6563314383928387,1.4329625485670796,4.374881967442144
1174,1.0,2.7418529470647464,5.0
1175,4.896889393089039,1.2982211815880134,4.26050200441724
1176,2.2435442696372947,1.0,2.0231780098395005
1177,5.0,3.417524727230348,5.0
1178,1.8881330810022492,1.0,4.325038910623362
1179,1.0,1.244303717337366,4.343884965665632
1180,1.0,1.0,4.1730091009630526
1181,5.0,3.727800755712856,3.804579947087249
1182,1.0,2.6993501289446864,3.535629795390139
1183,5.0,1.0,4.435655129409545
1184,1.0,3.255494657014215,5.0
1185,2.1629062523445657,1.1050714851807668,3.79814297114814
1186,2.352538740855967,4.188629289900543,3.649135107847538
1187,4.757939506786901,1.0,4.3295231655007544
1188,4.991514225831827,2.9814353459576055,2.336520194447579
1189,1.4755273290209017,3.544395264969327,4.314507968130531
1190,1.8332417405507275,4.31753241595812,4.1450826919667865
1191,1.095046344923761,1.4898921622398746,4.866015387591876
1192,1.5901957002002445,1.0,3.804070284780257
1193,2.106015002479443,3.5109636531315433,3.5085547701181703
1194,4.5896317733046175,1.0,4.33360755868824
1195,5.0,4.152526877750419,3.5874326974936426
1196,2.2156626520723113,4.112079318203859,5.0
1197,2.2881597881357063,4.287864719585544,4.004074946840088
1198,5.0,1.0,4.026689358926351
1199,5.0,4.263631915547134,4.426712845307773
1200,1.0,3.1879840215236697,4.531615011271242
1201,2.3583733797610624,3.822814497713843,5.0
1202,2.456835667543063,1.045488148056962,1.5520523983673071
1203,1.0,1.0,4.538153605935377
1204,1.4315350491552619,1.0,3.929817698141382
1205,1.0833329099885174,1.381197339555641,1.5630751743429667
1206,5.0,2.921191379825391,5.0
1207,1.0,4.339566706475422,5.0
1208,1.0,1.0902533652596944,3.529038782659774
1209,1.0,3.691876713102357,3.5405006864819195
1210,4.741506226856061,1.0811062446978963,5.0
1211,5.0,1.0059833291570635,4.306111817658405
1212,1.8799599522597525,1.0,4.937799531274774
1213,1.948485228002634,1.0,4.054580671535624
1214,5.0,3.91670866384723,5.0
1215,1.0,1.0,5.0
1216,1.0,2.5987690513987514,3.7247602376588196
1217,1.0,1.0,5.0
1218,1.0,3.805381481968464,4.128279459065213
1219,2.2754095145924946,1.4255443258622233,4.234106980881126
1220,5.0,1.0,4.120874187556801
1221,5.0,1.2578581220721001,2.469242130458038
1222,1.6498627988865517,1.0302475263662427,3.6972883087170683
1223,5.0,1.2040856686423353,5.0
1224,1.0,3.760115983015399,4.038339490350016
1225,1.0,3.441904972838329,4.171956140494912
1226,1.5115260140529854,3.030088496914424,4.59946159745219
1227,4.630340723569072,3.3313240712852497,3.880575941378107
1228,1.0,1.0,4.269379146463173
1229,1.616878760590939,1.0,4.20691101509899
1230,5.0,4.1737116477208485,3.54013938816541
1231,4.80863264852395,3.5077596483374247,4.046594263497244
1232,4.630323946702328,3.975292976565508,4.588278192968409
1233,1.6990823128279577,3.692801902666459,4.495856429178162
1234,1.0877032283414765,1.1273755044353622,5.0
1235,1.5640435238647885,1.4794198731378523,3.521080660428537
1236,1.3624341301411569,1.0,4.3586495789026305
1237,5.0,1.3174982565256665,4.4194296005584075
1238,1.746747420667381,1.007784186951121,3.853548222563455
1239,1.9500952685908595,1.0,4.2195016550477655
1240,4.522134451029497,3.430423493178778,1.942103746207779
1241,2.1407102247272216,4.389965868746682,4.155232484576344
1242,1.913926058052589,4.285800465187974,3.8403174042981916
1243,4.770058466101556,3.796255753316784,3.8225592366332686
1244,4.7068371106166085,1.0450084157239405,3.924433888857579
1245,5.0,1.0,1.645567758652501
1246,1.0,2.94391669804654,4.331138964435382
1247,1.679659289029912,1.0,3.848697895361637
1248,5.0,1.331640040169331,3.900149553905845
1249,1.0650722830366937,1.3960283653249932,4.394054612702145
1250,1.3586720549294962,1.0,3.996623814063171
1251,4.617475898876493,2.517704445073237,5.0
1252,1.285666601944456,1.3617738397893546,2.4564981247770987
1253,5.0,2.6742786785013606,4.386726383144989
1254,1.6150109368280978,3.1218819638903934,4.669466708888439
1255,2.194820729871721,1.0,3.973215029918105
1256,1.0,1.0,4.471296227428546
1257,5.0,1.4859603021153498,3.8723662982286027
1258,1.6416113506178993,1.0,3.8715731085162
1259,2.142833390815738,3.9236931519996423,4.695030231789154
1260,4.881980045462946,3.8071499501899524,4.614323114119125
1261,5.0,3.405088123388264,4.240304790755982
1262,4.829974895290277,1.3693401079073553,5.0
1263,2.4621859094918,2.7376987603062286,2.469012963503
1264,2.401485851100749,2.581187787050431,2.273418210905363
1265,4.770383235310656,1.1271383940611175,4.743352494033599
1266,5.0,2.8363687118837095,3.5401165782885156
1267,1.495604201803506,1.172084390606063,2.48543738436966
1268,1.0,2.5321197560678144,3.8404506955436055
1269,4.93677716932332,3.6333992351774893,3.8119715424324205
1270,2.0201807365667594,1.1863722327726434,4.405955209749383
1271,4.794931135803864,3.7123706553024975,4.0850998985449865
1272,1.5152648396460298,1.3575876757624017,3.7148711738491347
1273,1.0,1.0,4.389096242716239
1274,4.781936884341759,3.7154819827855747,5.0
1275,1.0,4.498560248485068,4.586678561150831
1276,1.6711024784134019,1.0,4.362251628302487
1277,2.373254356691673,1.2029656635446435,4.890515697684394
1278,2.204911132731336,1.0,4.024072446506704
1279,4.5852004775596615,1.1098687349855378,2.4148159757649807
1280,5.0,4.226106068369418,2.4733791957751174
1281,5.0,3.8144766358665105,3.762163910408799
1282,1.4562211736436277,3.328897111975878,3.7128507709599137
1283,1.0,1.1034175784722833,3.580516558591512
1284,1.7479324498058073,2.88912300961503,4.061797852662138
1285,5.0,1.0576423933431585,1.5136043954506682
1286,5.0,4.076760847435924,4.911898297609937
1287,5.0,3.665535292693866,3.5733840166520086
1288,2.26576332104754,2.9027323698669663,4.9052257829293335
1289,1.5914829579296472,1.0,4.53993218926561
1290,2.0138758347782337,1.0,2.335217260608769
1291,1.0,1.2611105884852578,3.709738993938566
1292,1.0,3.9825384074666728,1.8283087103579119
1293,5.0,1.4403161532392643,5.0
1294,1.0,1.0,4.246266061332205
1295,1.0,1.0,1.7190383616420584
1296,1.438578239586033,4.286956810479041,3.571899418657496
1297,4.685832055565342,1.0460245933207504,4.21567377685534
1298,2.4779934237382344,4.047028146424448,4.890702550688109
1299,5.0,3.5533401630051835,4.2660799991182214
1300,5.0,3.898599662718456,4.9452947723752105
1301,1.670142740177158,1.0,3.8460024129722763
1302,4.816104887940895,1.4993351228311154,1.9512054082123966
1303,1.0,1.0,5.0
1304,1.0,1.3844965347938634,2.4022202865403743
1305,4.780635579876516,1.1762337350404775,4.549767196588576
1306,5.0,2.8409164091920904,4.024111541226955
1307,1.6533648274157455,1.0435343783741238,1.5328354290838777
1308,2.2333279087168623,4.3405358799491935,3.968409545024359
1309,1.5004102894391749,1.3833682980309119,5.0
1310,1.0961826694023769,2.6603938750061453,4.8615902664203094
1311,1.4159430039540524,3.8395731412081697,4.4324504210806435
1312,1.0,3.8352231802135717,4.13060847165061
1313,1.0,3.5420447960759445,4.434155343793006
1314,5.0,4.098237759851896,4.25716662541252
1315,1.212601407298393,4.354820052992188,3.6034351666487625
1316,1.1880305189519813,1.0,3.731151367562677
1317,1.8193168800213741,3.240035944984177,4.894170454583506
1318,4.752202402159331,1.1277004136007398,3.670106882012076
1319,1.4559187999620442,1.0,4.994911604776661
1320,1.4232995082699293,1.0,3.971368155701491
1321,1.9573166098928203,1.2093238527759673,4.456259198027381
1322,5.0,1.3545651689412406,4.933727882895978
1323,1.952323477634296,1.185854492401492,4.285626804287998
1324,4.92438901807251,1.0,5.0
1325,4.656762947599295,3.7162328943909912,5.0
1326,4.926406056491973,1.0,3.708667624511592
1327,5.0,4.070386099576226,3.996029894253544
1328,1.5225043274286865,1.2564776788404124,1.8477397822959256
1329,1.0,3.6105791870686597,1.8998586951372154
1330,5.0,4.338337820593385,3.860806826245751
1331,2.1800460563742696,3.0555089783954834,4.326359210175005
1332,1.135156988863935,3.189969012141725,3.9521390551224473
1333,5.0,1.4714018486086462,4.0236943322446885
1334,1.0,3.583680988247697,4.482447357047075
1335,2.057047586192234,4.4012240229777895,3.5599792721915167
1336,2.287348848409707,3.6261026959874094,1.9879576397907488
1337,2.0413353827012672,2.892958806636682,2.274061706946116
1338,4.823895552580379,1.3514386963311145,3.6511619581882266
1339,1.0,4.406254236737868,4.111531594614774
1340,2.3875630718161913,1.0063716735451453,3.7394647795344667
1341,1.970762392387603,3.094104638275425,4.367404113224568
1342,5.0,1.2081473345985572,4.8270996654000795
1343,5.0,4.332758668452714,3.8290628169009095
1344,2.174192116615001,1.0,4.098193878517893
1345,5.0,1.3100693082292276,4.683562908119908
1346,1.1591555446001345,2.9812761505116168,4.784888638903061
1347,4.898054840678938,3.950623425108169,3.9166318501194115
1348,2.013633383928651,2.9238997519969985,3.8536378631401105
1349,5.0,1.0092115852460426,4.0248772180055825
1350,1.0,1.4450505533946036,4.0996401440689665
1351,1.0,4.048203772792151,5.0
1352,1.5956901160580013,4.453177538263139,4.154168311991932
1353,5.0,3.6802901306156404,4.80774951660782
1354,1.5910363149454416,1.2241359788326331,3.626426227155028
1355,5.0,4.312239538608747,5.0
1356,1.9131944788027977,1.1791288313348618,4.350780382630682
1357,1.9056193902554424,3.1069222802265406,1.7570062322224322
1358,1.179551836572684,1.0648127810861823,3.9070919561580197
1359,4.567093732629878,1.3609304825786959,3.9985692169635554
1360,1.0937057829514347,4.3216465971645,2.0333268427529365
1361,5.0,2.6222887211805994,5.0
1362,5.0,1.3485876570308781,3.541603233355321
1363,4.670530389393775,1.0,4.221477082734017
1364,2.397419050078174,1.0,3.56197100697941
1365,5.0,3.3697685680139258,3.968288567672868
1366,5.0,1.0,5.0
1367,1.0,1.3083646901768167,3.9512153132783965
1368,5.0,2.7634036119558445,3.649089748768248
1369,1.4190382770286711,2.503929321422218,4.48503384500596
1370,2.3999095433546715,3.9954591929029446,4.389285462074263
1371,1.0,2.6002282566428843,5.0
1372,1.0,4.254375955524909,3.9115116028992105
1373,1.8931704345642641,3.7760751360694105,3.683845726889298
1374,1.8877643285297498,3.943645646603479,5.0
1375,4.786866874982794,2.5870335650915544,4.032351126517139
1376,1.0,1.0,4.352355460387485
1377,2.3610629364797195,4.281490243258572,4.842095005759425
1378,1.0,1.0,3.8352883170794705
1379,2.1776111820995943,1.1471595611269574,5.0
1380,4.672820051456452,1.4174258528045012,4.02183304849485
1381,1.8445058933940632,1.1798367597577202,4.6406954238607465
1382,4.561543034134837,4.311021689292227,4.719674677994707
1383,1.769973636855462,2.608971629303916,3.981944279392721
1384,5.0,2.7507318260020543,3.5424709104884116
1385,2.3850153245472585,3.394538852240591,3.9625339853783004
1386,1.7215271519023672,1.215105613618089,3.9189408420801275
1387,4.963547839258922,1.1395538263773113,4.279336265319487
1388,1.0,3.1637667361217,1.8549419644892418
1389,5.0,3.914200554304643,4.482548761539599
1390,5.0,1.0,4.680769919300904
1391,2.01307721836805,4.284441542070729,4.090986684968135
1392,1.1707472004717734,1.1787132362153538,3.589699297008255
1393,1.3473550539093668,1.0,4.233863983993982
1394,4.509538954025545,1.3997596153682574,4.494753688061971
1395,4.902890031050049,1.0,4.3191386377516325
1396,1.4072431672770787,3.794321744231236,4.055703540720302
1397,2.2403130308439514,4.372796325079443,4.984741357399692
1398,2.0428413743340745,1.2969876547589854,5.0
1399,5.0,3.0149798106483447,4.4359740847107245
1400,1.0,3.63073473945785,2.489206525798093
1401,1.0205205336415144,1.0,3.8965392275644843
1402,5.0,1.1562279904088066,4.490917474794513
1403,1.0,3.8850412378404116,3.6559262521738316
1404,1.214153146392174,3.3364731916659713,3.7535497759319094
1405,5.0,4.4499550093322044,3.589016124733896
1406,4.6546848481848615,1.3056369252749183,3.771738516484482
1407,1.0,3.8775454229955573,4.267937551618012
1408,1.0,1.288686429231424,4.352924358178449
1409,1.187464804049728,1.0,4.278892645102571
1410,1.0,2.667100087765634,5.0
1411,5.0,1.0,5.0
1412,2.377489241731488,1.0,4.208704289213647
1413,4.918131599793623,1.403559303697282,3.8908335492672217
1414,5.0,1.0,4.341308351499702
1415,2.4931637389334784,3.7065131649297838,2.1771900939767854
1416,1.0,1.4698207852410403,4.197804698494409
1417,1.7330531879848587,1.0,4.035935993129071
1418,5.0,1.2857821503937543,4.385228984211173
1419,5.0,1.0,3.7520147336790526
1420,1.0,2.5374879568696596,3.881147653361051
1421,4.5149985003771365,1.4178025402095837,5.0
1422,1.6611000232564224,3.6396423302095835,3.9927488961293376
1423,5.0,1.0517792837256954,4.389214013424191
1424,1.0,1.0,1.8463993197628523
1425,2.002547606722023,3.565192802184691,1.8693301688196446
1426,5.0,3.5499224856633793,4.388735789386625
1427,1.5204016106882063,1.0,3.964370320182041
1428,2.1044889822584594,3.57136701388938,2.016124584202487
1429,1.0,1.260558115519923,3.8327637153356795
1430,1.3623349164397316,3.985566202283429,3.776669942179082
1431,1.7834611492640793,2.84289209134898,4.155948710838392
1432,5.0,2.918368910132007,3.619840661541204
1433,1.174219632447397,4.428946735572623,4.37927264118291
1434,1.7214935488596401,1.4107518127381473,4.2792031367651076
1435,4.53479919986835,3.215676480122577,3.6907482637058027
1436,1.0,1.3846823774216879,4.194019945824565
1437,1.7891931519658697,1.0,4.102632921285635
1438,5.0,1.0,4.684535050736644
1439,5.0,1.1137121818542282,4.7732035060502325
1440,4.957023952192626,3.1236259472972643,1.9089865037338343
1441,5.0,2.981699838012341,5.0
1442,1.104259515986925,2.9006578484379535,2.1387234088170057
1443,5.0,1.4861803116086951,5.0
1444,1.0,1.3211236261177244,4.268410543114034
1445,4.775446679790509,3.934980197888045,4.257937739606166
1446,1.0,1.2272924772395686,2.117859154062256
1447,5.0,2.7695616932524594,4.286990083384826
1448,4.9491482027322125,3.6001693262373298,3.8342633747792094
1449,4.940120770984937,3.8524310255527405,5.0
1450,1.0,2.9029728001233943,4.114910085801941
1451,2.2186037406901957,3.5165371245606707,4.32236351381243
1452,4.7137366879819105,1.314792001635896,4.046279104790284
1453,4.696953630208721,3.8591934023891814,3.7184382449886804
1454,1.0,1.080418165780147,2.0424101286783087
1455,4.727778341617801,1.0,1.871111663776588
1456,5.0,1.0,4.197499036037095
1457,1.0,4.38969372532756,3.975793791734736
1458,4.94891172259279,1.1086875278828008,2.3361128049276876
1459,2.0371693216040287,1.4502840501704855,4.178072512321917
1460,1.703535522481805,1.498750034391317,4.1845444330313235
1461,1.6557516228655298,3.8718601153330945,4.717155333491065
1462,2.380421902873605,3.7988030640832746,4.48424976649129
1463,4.933723702831421,3.3583560551590965,4.3416752092714885
1464,1.9120936096325392,3.498611427037454,4.289004884560694
1465,4.535612150272842,1.1296412342324573,3.8302152251600274
1466,4.997976302587393,1.2951407225115223,2.035631652847232
1467,5.0,4.281745858815275,3.6371031880743288
1468,1.0588408709546666,1.0,2.038475976662706
1469,5.0,1.0742703802570872,3.6458892464832875
1470,1.6774818349910117,1.3330569412642137,4.0530378439896015
1471,1.0,1.1881138762610555,4.1487218801549055
1472,1.3107304652304128,1.0,3.8901959672499022
1473,2.447170616843394,2.8367056688975336,3.9985448783312934
1474,4.63593274736732,1.0,4.375653387674586
1475,1.9976495545052182,2.732972212078039,3.6085631447028095
1476,4.714176252739587,1.4054894774913258,5.0
1477,1.0,1.0,3.6707545509961963
1478,1.8255033381261354,1.0,3.5367079828046286
1479,4.643687625184213,3.8095693522382312,3.6855746027450476
1480,5.0,1.1168840719663948,4.2650431899704895
1481,1.0337254136714444,3.0341016900858655,3.9051260733368602
1482,1.6438344709903108,3.718269482853386,4.372520516846182
1483,1.0,2.6642410672231547,2.024707541182266
1484,2.3081570490242127,1.0,1.5222503519263308
1485,4.676194406164248,1.0025296267016555,4.216713609601927
1486,5.0,1.0,3.610232908721233
1487,1.0,3.4476025016077223,4.289379633461924
1488,5.0,1.0,4.66810254980518
1489,1.815653626982324,3.558796016544637,3.8454463858055137
1490,1.586939560692254,4.229266405836634,5.0
1491,1.7229500085577536,1.0,5.0
1492,4.688058566479076,1.1534889320582475,4.871433950646733
1493,1.9280193524396438,2.779594370523232,5.0
1494,2.1582837834261572,1.0707437417333199,3.6907922654758387
1495,1.7638060749463575,1.2721525048074647,2.307179770202491
1496,1.0,4.428008741774554,4.157494059256251
1497,5.0,1.0,3.692743507212368
1498,2.105759489358972,3.834856950998981,4.8025039603514115
1499,1.4628704940018098,3.9642664202859397,4.631770888597036
1500,5.0,4.427174837735989,3.8829670110643133
